-- phpMyAdmin SQL Dump
-- version 5.2.0
-- https://www.phpmyadmin.net/
--
-- Host: 127.0.0.1
-- Waktu pembuatan: 13 Bulan Mei 2023 pada 23.08
-- Versi server: 10.4.27-MariaDB
-- Versi PHP: 8.1.12

SET SQL_MODE = "NO_AUTO_VALUE_ON_ZERO";
START TRANSACTION;
SET time_zone = "+00:00";


/*!40101 SET @OLD_CHARACTER_SET_CLIENT=@@CHARACTER_SET_CLIENT */;
/*!40101 SET @OLD_CHARACTER_SET_RESULTS=@@CHARACTER_SET_RESULTS */;
/*!40101 SET @OLD_COLLATION_CONNECTION=@@COLLATION_CONNECTION */;
/*!40101 SET NAMES utf8mb4 */;

--
-- Database: `dbtoko`
--

-- --------------------------------------------------------

--
-- Struktur dari tabel `kategori_produk`
--

CREATE TABLE `kategori_produk` (
  `id` int(11) NOT NULL,
  `nama` varchar(45) NOT NULL
) ENGINE=InnoDB DEFAULT CHARSET=utf8 COLLATE=utf8_general_ci;

--
-- Dumping data untuk tabel `kategori_produk`
--

INSERT INTO `kategori_produk` (`id`, `nama`) VALUES
(1, 'Elektronik'),
(2, 'Furniture'),
(3, 'Makanan'),
(4, 'Minuman');

-- --------------------------------------------------------

--
-- Struktur dari tabel `pesanan`
--

CREATE TABLE `pesanan` (
  `id` int(11) NOT NULL,
  `tanggal` date NOT NULL,
  `nama_pemesan` varchar(45) NOT NULL,
  `alamat_pemesan` varchar(45) NOT NULL,
  `no_hp` varchar(20) NOT NULL,
  `email` varchar(45) NOT NULL,
  `jumlah_pesanan` int(11) NOT NULL,
  `deskripsi` text NOT NULL,
  `produk_id` int(11) NOT NULL
) ENGINE=InnoDB DEFAULT CHARSET=utf8 COLLATE=utf8_general_ci;

--
-- Dumping data untuk tabel `pesanan`
--

INSERT INTO `pesanan` (`id`, `tanggal`, `nama_pemesan`, `alamat_pemesan`, `no_hp`, `email`, `jumlah_pesanan`, `deskripsi`, `produk_id`) VALUES
(1, '2023-04-08', 'Abdurrahman Ziyad', 'Depok', '082094374577', 'ziyad@gmail.com', 2, 'Pesanan Meja Belajar', 2),
(2, '2023-04-20', 'Rahmawati', 'Bogor', '081245620102', 'rahma@gmail.com', 3, 'Pesanan Cake', 4),
(3, '2023-04-27', 'Muzdalifah', 'Subang', '085277238223', 'Muzdlfah02@gmail.com', 1, 'Pesanan Samsung ZFlip', 3);

-- --------------------------------------------------------

--
-- Struktur dari tabel `produk`
--

CREATE TABLE `produk` (
  `id` int(11) NOT NULL,
  `kode` varchar(45) NOT NULL,
  `nama` varchar(45) NOT NULL,
  `harga_jual` double NOT NULL,
  `harga_beli` double NOT NULL,
  `stok` int(11) NOT NULL,
  `min_stok` int(11) NOT NULL,
  `deskripsi` text NOT NULL,
  `kategori_produk_id` int(11) NOT NULL
) ENGINE=InnoDB DEFAULT CHARSET=utf8 COLLATE=utf8_general_ci;

--
-- Dumping data untuk tabel `produk`
--

INSERT INTO `produk` (`id`, `kode`, `nama`, `harga_jual`, `harga_beli`, `stok`, `min_stok`, `deskripsi`, `kategori_produk_id`) VALUES
(1, 'AC01', 'AC', 4000000, 3500000, 10, 5, 'AC atau air conditioner merupakan perangkat elektronik yang berfungsi sebagai pendingin ruangan ini menjadi solusi jitu mengatasi udara yang panas.', 1),
(2, 'MB01', 'Meja Belajar', 2000000, 1500000, 6, 2, 'Meja yang difungsikan untuk membaca, menulis, dan yang pasti untuk belajar.\r\n', 2),
(3, 'SZF01', 'Samsung Z Flip', 15000000, 10000000, 6, 3, 'Samsung Z Flip adalah ponsel pintar lipat desainnya memungkinkan pengguna untuk melipat ponsel menjadi ukuran yang lebih kecil sehingga mudah dibawa-bawa.', 1),
(4, 'C01', 'Cake', 30000, 15000, 10, 3, 'Cake adalah hidangan sering disajikan dalam berbagai acara, seperti ulang tahun, pernikahan, dan perayaan lainnya.', 3),
(5, 'AM01', 'Air Mineral', 50000, 40000, 15, 4, 'Air mineral adalah air yang mengandung mineral alami, seperti kalsium, magnesium, dan potassium, dan memiliki kandungan garam yang lebih rendah dibandingkan dengan air lainnya.', 4),
(6, 'S01', 'Sofa', 3000000, 2400000, 7, 2, 'Sofa adalah perabotan yang digunakan sebagai tempat duduk yang nyaman di ruang tamu, keluarga, atau ruang santai.', 2),
(7, 'M01', 'Meja Tamu', 550000, 500000, 6, 2, 'Meja ruang tamu adalah meja yang biasanya ditempatkan di tengah ruangan atau di depan sofa', 2),
(8, 'K01', 'Komputer', 5000000, 4500000, 7, 2, 'Komputer adalah alat elektronik untuk melakukan berbagai tugas dan proses pengolahan data.', 1),
(9, 'J01', 'Jus', 33000, 30000, 15, 3, 'Jus adalah minuman yang dibuat dengan menghaluskan buah-buahan atau sayuran segar dan mengambil cairan atau jusnya.', 4);

--
-- Indexes for dumped tables
--

--
-- Indeks untuk tabel `kategori_produk`
--
ALTER TABLE `kategori_produk`
  ADD PRIMARY KEY (`id`),
  ADD UNIQUE KEY `nama_UNIQUE` (`nama`);

--
-- Indeks untuk tabel `pesanan`
--
ALTER TABLE `pesanan`
  ADD PRIMARY KEY (`id`),
  ADD UNIQUE KEY `kode_UNIQUE` (`tanggal`),
  ADD KEY `fk_pesanan_produk1_idx` (`produk_id`);

--
-- Indeks untuk tabel `produk`
--
ALTER TABLE `produk`
  ADD PRIMARY KEY (`id`),
  ADD UNIQUE KEY `kode_UNIQUE` (`kode`),
  ADD KEY `fk_produk_kategori_produk_idx` (`kategori_produk_id`);

--
-- AUTO_INCREMENT untuk tabel yang dibuang
--

--
-- AUTO_INCREMENT untuk tabel `kategori_produk`
--
ALTER TABLE `kategori_produk`
  MODIFY `id` int(11) NOT NULL AUTO_INCREMENT, AUTO_INCREMENT=5;

--
-- AUTO_INCREMENT untuk tabel `pesanan`
--
ALTER TABLE `pesanan`
  MODIFY `id` int(11) NOT NULL AUTO_INCREMENT, AUTO_INCREMENT=4;

--
-- AUTO_INCREMENT untuk tabel `produk`
--
ALTER TABLE `produk`
  MODIFY `id` int(11) NOT NULL AUTO_INCREMENT, AUTO_INCREMENT=10;

--
-- Ketidakleluasaan untuk tabel pelimpahan (Dumped Tables)
--

--
-- Ketidakleluasaan untuk tabel `pesanan`
--
ALTER TABLE `pesanan`
  ADD CONSTRAINT `fk_pesanan_produk1` FOREIGN KEY (`produk_id`) REFERENCES `produk` (`id`) ON DELETE NO ACTION ON UPDATE NO ACTION;

--
-- Ketidakleluasaan untuk tabel `produk`
--
ALTER TABLE `produk`
  ADD CONSTRAINT `fk_produk_kategori_produk` FOREIGN KEY (`kategori_produk_id`) REFERENCES `kategori_produk` (`id`) ON DELETE NO ACTION ON UPDATE NO ACTION;
COMMIT;

/*!40101 SET CHARACTER_SET_CLIENT=@OLD_CHARACTER_SET_CLIENT */;
/*!40101 SET CHARACTER_SET_RESULTS=@OLD_CHARACTER_SET_RESULTS */;
/*!40101 SET COLLATION_CONNECTION=@OLD_COLLATION_CONNECTION */;
